1;Alejandra Hernández;M;1998-01-26
2;Alejandra López;M;1992-04-05
3;Alejandra Suárez;M;1996-10-27
4;Alejandro Delgado;H;1981-04-26
5;Alejandro Molina;H;1982-05-01
6;Ana Moreno;M;1983-12-07
7;Ana Vargas;M;1983-10-14
8;Antonio Pérez;H;1982-09-20
9;Beatriz González;M;1991-07-14
10;Beatriz Medina;M;1987-09-10
11;Beatriz Ramos;M;1999-06-07
12;Beatriz Torres;M;2000-10-31
13;Carlos Castro;H;1983-10-15
14;Carmen Rodríguez;M;1986-10-10
15;Catalina Fuentes;M;1982-08-31
16;Catalina Pérez;M;1987-11-28
17;Claudia López;M;1994-06-06
18;Daniela Fuentes;M;1997-02-18
19;David Rodríguez;H;1983-03-09
20;Diego Gómez;H;1980-06-25
21;Eduardo Mendoza;H;1998-10-15
22;Elisa Castro;M;1983-04-13
23;Elisa Gómez;M;1985-06-24
24;Emilia Hernández;M;1987-10-25
25;Emilia López;M;1981-05-25
26;Emilia Navarro;M;1997-06-14
27;Esperanza Rivera;M;1983-11-25
28;Esperanza Ruiz;M;1992-12-18
29;Esperanza Valencia;M;1992-10-06
30;Francisco García;H;1998-11-19
31;Francisco Gutiérrez;H;1994-11-05
32;Francisco Gómez;H;1989-05-23
33;Francisco Suárez;H;1999-02-17
34;Gabriel Martínez;H;1992-03-19
35;Gabriel Reyes;H;1993-09-19
36;Gabriel Ruiz;H;1996-06-24
37;Gabriel Sánchez;H;1998-01-27
38;Gabriela Cruz;M;1993-10-24
39;Gabriela Fuentes;M;1995-03-20
40;Gabriela Rojas;M;1992-09-21
41;Héctor González;H;1990-11-16
42;Héctor Hernández;H;1989-07-28
43;Héctor Ortiz;H;1994-04-12
44;Héctor Ramos;H;1999-09-06
45;Javier Morales;H;1983-02-11
46;José Hernández;H;1983-07-02
47;José Sánchez;H;1992-07-12
48;José Vega;H;1989-06-02
49;Juan Chávez;H;1998-06-26
50;Julia Delgado;M;1982-03-02
51;Laura Fuentes;M;1981-04-25
52;Laura Medina;M;1988-09-03
53;Laura Suárez;M;1993-07-12
54;Lucía Hernández;M;1982-04-16
55;Luis Fuentes;H;1990-09-13
56;Luis Medina;H;1992-09-30
57;Luis Morales;H;2000-11-03
58;Manuel Cruz;H;1996-04-26
59;Manuel González;H;1981-05-09
60;Manuel Valencia;H;1995-01-04
61;Martín Jiménez;H;1990-12-12
62;Martín Ramírez;H;1993-04-17
63;Martín Rodríguez;H;1991-06-04
64;Miguel González;H;1987-11-25
65;Natalia Mendoza;M;1992-10-24
66;Natalia Torres;M;1993-09-15
67;Pablo Gómez;H;1988-02-14
68;Patricia Gutiérrez;M;1990-08-30
69;Patricia Medina;M;1986-03-03
70;Patricia Ruiz;M;1994-04-18
71;Patricia Sánchez;M;1981-04-11
72;Patricia Valencia;M;1985-11-15
73;Paula Ramírez;M;1989-05-20
74;Paula Ruiz;M;2000-11-02
75;Pedro Hernández;H;1993-10-16
76;Pedro Navarro;H;1983-02-10
77;Pedro Álvarez;H;1994-08-19
78;Rafael Valencia;H;1985-06-03
79;Ricardo Pérez;H;1989-07-31
80;Ricardo Suárez;H;1998-09-11
81;Ricardo Sánchez;H;1984-05-01
82;Roberto González;H;1998-08-07
83;Roberto Moreno;H;1992-01-18
84;Rosa Navarro;M;2000-06-30
85;Santiago Castro;H;1981-08-26
86;Santiago Chávez;H;2000-09-24
87;Santiago Mendoza;H;1994-01-01
88;Santiago Suárez;H;1987-11-10
89;Santiago Vázquez;H;2000-08-10
90;Sergio Rivera;H;1989-07-30
91;Silvia Rivera;M;1997-12-27
92;Silvia Vargas;M;1980-10-06
93;Silvia Álvarez;M;1989-05-23
94;Sofía Chávez;M;1980-07-17
95;Sofía Flores;M;1988-08-15
96;Sofía González;M;1981-06-22
97;Sofía Gómez;M;1996-11-09
98;Teresa Molina;M;1982-02-23
99;Teresa Reyes;M;1989-12-28
100;Teresa Serrano;M;1980-06-07
